protein,chain,ligand_id,group,group1,group2,percent_threshold,percent_threshold1,percent_threshold1,percent_threshold1
5ZU1,E,unknown,unknown,DNA,ADAR,100,90,80,70
5ZU1,F,unknown,unknown,DNA,ADAR,100,90,80,70
5ZUO,E,unknown,unknown,DNA,ADAR,100,90,80,70
5ZUO,F,unknown,unknown,DNA,ADAR,100,90,80,70
5ZUP,E,unknown,unknown,DNA,ADAR,100,90,80,70
5ZUP,F,unknown,unknown,DNA,ADAR,100,90,80,70
7ZLQ,C,unknown,unknown,DNA,ADAR,100,90,80,70
7ZLQ,D,unknown,unknown,DNA,ADAR,100,90,80,70
7ZLQ,E,unknown,unknown,DNA,ADAR,100,90,80,70
3F21,D,unknown,unknown,DNA,ADAR1,100,90,80,70
3F21,E,unknown,unknown,DNA,ADAR1,100,90,80,70
3F21,F,unknown,unknown,DNA,ADAR1,100,90,80,70
3F22,D,unknown,unknown,DNA,ADAR1,100,90,80,70
3F22,E,unknown,unknown,DNA,ADAR1,100,90,80,70
3F22,F,unknown,unknown,DNA,ADAR1,100,90,80,70
3F23,D,unknown,unknown,DNA,ADAR1,100,90,80,70
3F23,E,unknown,unknown,DNA,ADAR1,100,90,80,70
3F23,F,unknown,unknown,DNA,ADAR1,100,90,80,70
5VMZ,R,unknown,unknown,RNA,AGO1,100,90,80,70
5W6V,R,unknown,unknown,RNA,AGO1,100,90,80,70
4F3T,R,unknown,unknown,RNA,AGO2,100,90,80,70
4OLA,B,unknown,unknown,RNA,AGO2,100,90,80,70
4OLB,B,unknown,unknown,RNA,AGO2,100,90,80,70
4W5N,B,unknown,unknown,RNA,AGO2,100,90,80,70
4W5O,B,unknown,unknown,RNA,AGO2,100,90,80,70
4W5O,D,unknown,unknown,RNA,AGO2,100,90,80,70
4W5Q,B,unknown,unknown,RNA,AGO2,100,90,80,70
4W5Q,D,unknown,unknown,RNA,AGO2,100,90,80,70
4W5R,B,unknown,unknown,RNA,AGO2,100,90,80,70
4W5R,D,unknown,unknown,RNA,AGO2,100,90,80,70
4W5T,B,unknown,unknown,RNA,AGO2,100,90,80,70
4W5T,D,unknown,unknown,RNA,AGO2,100,90,80,70
4Z4C,B,unknown,unknown,RNA,AGO2,100,90,80,70
4Z4C,D,unknown,unknown,RNA,AGO2,100,90,80,70
4Z4D,B,unknown,unknown,RNA,AGO2,100,90,80,70
4Z4D,D,unknown,unknown,RNA,AGO2,100,90,80,70
4Z4E,B,unknown,unknown,RNA,AGO2,100,90,80,70
4Z4E,D,unknown,unknown,RNA,AGO2,100,90,80,70
4Z4F,B,unknown,unknown,RNA,AGO2,100,90,80,70
4Z4F,D,unknown,unknown,RNA,AGO2,100,90,80,70
4Z4G,B,unknown,unknown,RNA,AGO2,100,90,80,70
4Z4G,D,unknown,unknown,RNA,AGO2,100,90,80,70
4Z4H,B,unknown,unknown,RNA,AGO2,100,90,80,70
4Z4H,D,unknown,unknown,RNA,AGO2,100,90,80,70
4Z4I,B,unknown,unknown,RNA,AGO2,100,90,80,70
5KI6,B,unknown,unknown,RNA,AGO2,100,90,80,70
5T7B,R,unknown,unknown,RNA,AGO2,100,90,80,70
5WEA,B,unknown,unknown,RNA,AGO2,100,90,80,70
6CBD,B,unknown,unknown,RNA,AGO2,100,90,80,70
6CBD,C,unknown,unknown,RNA,AGO2,100,90,80,70
6MDZ,C,unknown,unknown,RNA,AGO2,100,90,80,70
6MDZ,D,unknown,unknown,RNA,AGO2,100,90,80,70
6MDZ,E,unknown,unknown,RNA,AGO2,100,90,80,70
6MDZ,F,unknown,unknown,RNA,AGO2,100,90,80,70
6N4O,C,unknown,unknown,RNA,AGO2,100,90,80,70
6N4O,D,unknown,unknown,RNA,AGO2,100,90,80,70
6RA4,L,unknown,unknown,RNA,AGO2,100,90,80,70
6RA4,M,unknown,unknown,RNA,AGO2,100,90,80,70
8D6J,B,unknown,unknown,RNA,AGO2,100,90,80,70
8D71,B,unknown,unknown,RNA,AGO2,100,90,80,70
5VM9,D,unknown,unknown,RNA,AGO3,100,90,80,70
3WBM,X,unknown,unknown,RNA,albA1,100,90,80,70
3WBM,Y,unknown,unknown,RNA,albA1,100,90,80,70
6KSF,B,unknown,unknown,DNA,ALKBH1,100,90,80,70
6KSF,C,unknown,unknown,DNA,ALKBH1,100,90,80,70
2NZ4,G,unknown,unknown,RNA,alone,100,90,80,70
2NZ4,R,unknown,unknown,RNA,alone,100,90,80,70
2NZ4,H,unknown,unknown,RNA,alone,100,90,80,70
2NZ4,S,unknown,unknown,RNA,alone,100,90,80,70
7KGA,A,unknown,unknown,RNA,alone,100,90,80,70
7KGA,B,unknown,unknown,RNA,alone,100,90,80,70
4K27,U,unknown,unknown,RNA,alone,100,90,80,70
3P59,B,unknown,unknown,RNA,alone,100,90,80,70
3P59,D,unknown,unknown,RNA,alone,100,90,80,70
3P59,F,unknown,unknown,RNA,alone,100,90,80,70
3P59,H,unknown,unknown,RNA,alone,100,90,80,70
7YGA,A,unknown,unknown,RNA,alone,100,90,80,70
7YGA,B,unknown,unknown,RNA,alone,100,90,80,70
7YGA,N,unknown,unknown,RNA,alone,100,90,80,70
3FAR,A,unknown,unknown,RNA,alone,100,90,80,70
3FAR,B,unknown,unknown,RNA,alone,100,90,80,70
2H0S,A,unknown,unknown,RNADNA,alone,100,90,80,70
2H0S,B,unknown,unknown,RNA,alone,100,90,80,70
418D,A,unknown,unknown,RNADNA,alone,100,90,80,70
418D,B,unknown,unknown,RNADNA,alone,100,90,80,70
2OUE,B,unknown,unknown,RNA,alone,100,90,80,70
2OUE,C,unknown,unknown,RNA,alone,100,90,80,70
2OUE,D,unknown,unknown,RNA,alone,100,90,80,70
353D,A,unknown,unknown,RNA,alone,100,90,80,70
353D,B,unknown,unknown,RNA,alone,100,90,80,70
8AMG,A,unknown,unknown,RNA,alone,100,90,80,70
8AMG,B,unknown,unknown,RNA,alone,100,90,80,70
8AMG,C,unknown,unknown,RNA,alone,100,90,80,70
8AMG,D,unknown,unknown,RNA,alone,100,90,80,70
8AMG,E,unknown,unknown,RNA,alone,100,90,80,70
8AMG,F,unknown,unknown,RNA,alone,100,90,80,70
8AMG,G,unknown,unknown,RNA,alone,100,90,80,70
8AMG,H,unknown,unknown,RNA,alone,100,90,80,70
8AMG,I,unknown,unknown,RNA,alone,100,90,80,70
8AMG,J,unknown,unknown,RNA,alone,100,90,80,70
8AMG,K,unknown,unknown,RNA,alone,100,90,80,70
8AMG,L,unknown,unknown,RNA,alone,100,90,80,70
8AMN,A,unknown,unknown,RNA,alone,100,90,80,70
8AMN,B,unknown,unknown,RNA,alone,100,90,80,70
8AMN,C,unknown,unknown,RNA,alone,100,90,80,70
8AMN,D,unknown,unknown,RNA,alone,100,90,80,70
8AMN,E,unknown,unknown,RNA,alone,100,90,80,70
8AMN,F,unknown,unknown,RNA,alone,100,90,80,70
8AMN,G,unknown,unknown,RNA,alone,100,90,80,70
8AMN,H,unknown,unknown,RNA,alone,100,90,80,70
8AMN,I,unknown,unknown,RNA,alone,100,90,80,70
8AMN,J,unknown,unknown,RNA,alone,100,90,80,70
8AMN,K,unknown,unknown,RNA,alone,100,90,80,70
8AMN,L,unknown,unknown,RNA,alone,100,90,80,70
8AMN,M,unknown,unknown,RNA,alone,100,90,80,70
8AMN,N,unknown,unknown,RNA,alone,100,90,80,70
8AMN,O,unknown,unknown,RNA,alone,100,90,80,70
8AMN,P,unknown,unknown,RNA,alone,100,90,80,70
8AMN,Q,unknown,unknown,RNA,alone,100,90,80,70
8AMN,R,unknown,unknown,RNA,alone,100,90,80,70
8AMN,S,unknown,unknown,RNA,alone,100,90,80,70
8AMN,T,unknown,unknown,RNA,alone,100,90,80,70
8AMN,U,unknown,unknown,RNA,alone,100,90,80,70
8AMN,V,unknown,unknown,RNA,alone,100,90,80,70
8AMN,Y,unknown,unknown,RNA,alone,100,90,80,70
8AMN,Z,unknown,unknown,RNA,alone,100,90,80,70
8AMN,a,unknown,unknown,RNA,alone,100,90,80,70
8AMN,b,unknown,unknown,RNA,alone,100,90,80,70
8AMN,c,unknown,unknown,RNA,alone,100,90,80,70
8AMN,d,unknown,unknown,RNA,alone,100,90,80,70
1D96,A,unknown,unknown,RNADNA,alone,100,90,80,70
1D96,B,unknown,unknown,RNADNA,alone,100,90,80,70
5BJO,E,unknown,unknown,RNA,alone,100,90,80,70
5BJO,Y,unknown,unknown,RNA,alone,100,90,80,70
7EQJ,A,unknown,unknown,RNA,alone,100,90,80,70
7EQJ,B,unknown,unknown,RNA,alone,100,90,80,70
2P7F,B,unknown,unknown,RNA,alone,100,90,80,70
2P7F,C,unknown,unknown,RNA,alone,100,90,80,70
2P7F,D,unknown,unknown,RNA,alone,100,90,80,70
7L0Z,G,unknown,unknown,RNA,alone,100,90,80,70
8TQX,A,unknown,unknown,RNA,alone,100,90,80,70
8TQX,D,unknown,unknown,RNA,alone,100,90,80,70
7JRR,A,unknown,unknown,RNA,alone,100,90,80,70
246D,A,unknown,unknown,RNADNA,alone,100,90,80,70
246D,B,unknown,unknown,RNADNA,alone,100,90,80,70
1I2X,A,unknown,unknown,RNADNA,alone,100,90,80,70
1I2X,B,unknown,unknown,RNADNA,alone,100,90,80,70
1I2X,D,unknown,unknown,RNADNA,alone,100,90,80,70
1I2X,C,unknown,unknown,RNADNA,alone,100,90,80,70
1HR2,A,unknown,unknown,RNA,alone,100,90,80,70
1HR2,B,unknown,unknown,RNA,alone,100,90,80,70
283D,A,unknown,unknown,RNA,alone,100,90,80,70
5OB3,A,unknown,unknown,RNA,alone,100,90,80,70
5KVJ,A,unknown,unknown,RNA,alone,100,90,80,70
5KVJ,B,unknown,unknown,RNA,alone,100,90,80,70
8AMJ,A,unknown,unknown,RNA,alone,100,90,80,70
8AMJ,B,unknown,unknown,RNA,alone,100,90,80,70
2P7E,A,unknown,unknown,RNA,alone,100,90,80,70
2P7E,B,unknown,unknown,RNA,alone,100,90,80,70
2P7E,C,unknown,unknown,RNA,alone,100,90,80,70
2P7E,D,unknown,unknown,RNA,alone,100,90,80,70
2P7E,P,unknown,unknown,RNA,alone,100,90,80,70
1ET4,A,unknown,unknown,RNA,alone,100,90,80,70
1ET4,B,unknown,unknown,RNA,alone,100,90,80,70
1ET4,C,unknown,unknown,RNA,alone,100,90,80,70
1ET4,D,unknown,unknown,RNA,alone,100,90,80,70
1ET4,E,unknown,unknown,RNA,alone,100,90,80,70
3C44,A,unknown,unknown,RNA,alone,100,90,80,70
3C44,B,unknown,unknown,RNA,alone,100,90,80,70
3B5A,A,unknown,unknown,RNA,alone,100,90,80,70
3B5A,C,unknown,unknown,RNA,alone,100,90,80,70
3BBI,A,unknown,unknown,RNA,alone,100,90,80,70
1X9C,B,unknown,unknown,RNA,alone,100,90,80,70
1X9C,C,unknown,unknown,RNA,alone,100,90,80,70
1X9C,D,unknown,unknown,RNA,alone,100,90,80,70
1ZFT,B,unknown,unknown,RNA,alone,100,90,80,70
1ZFT,C,unknown,unknown,RNA,alone,100,90,80,70
1ZFT,D,unknown,unknown,RNA,alone,100,90,80,70
1ZFV,A,unknown,unknown,RNA,alone,100,90,80,70
1ZFV,B,unknown,unknown,RNA,alone,100,90,80,70
1ZFV,C,unknown,unknown,RNA,alone,100,90,80,70
1ZFV,D,unknown,unknown,RNA,alone,100,90,80,70
1ZFX,A,unknown,unknown,RNA,alone,100,90,80,70
1ZFX,B,unknown,unknown,RNA,alone,100,90,80,70
1ZFX,C,unknown,unknown,RNA,alone,100,90,80,70
1ZFX,D,unknown,unknown,RNA,alone,100,90,80,70
2FGP,A,unknown,unknown,RNA,alone,100,90,80,70
2FGP,B,unknown,unknown,RNA,alone,100,90,80,70
2FGP,C,unknown,unknown,RNA,alone,100,90,80,70
2FGP,D,unknown,unknown,RNA,alone,100,90,80,70
2P7D,A,unknown,unknown,RNA,alone,100,90,80,70
2P7D,B,unknown,unknown,RNA,alone,100,90,80,70
2P7D,C,unknown,unknown,RNA,alone,100,90,80,70
2P7D,D,unknown,unknown,RNA,alone,100,90,80,70
2P7D,P,unknown,unknown,RNA,alone,100,90,80,70
4F8U,A,unknown,unknown,RNA,alone,100,90,80,70
4F8U,B,unknown,unknown,RNA,alone,100,90,80,70
3HAX,E,unknown,unknown,RNA,alone,100,90,80,70
3HAX,F,unknown,unknown,RNA,alone,100,90,80,70
3DVV,A,unknown,unknown,RNA,alone,100,90,80,70
3DVV,B,unknown,unknown,RNA,alone,100,90,80,70
6QIV,A,unknown,unknown,RNA,alone,100,90,80,70
3R1C,A,unknown,unknown,RNA,alone,100,90,80,70
3R1C,B,unknown,unknown,RNA,alone,100,90,80,70
3R1C,C,unknown,unknown,RNA,alone,100,90,80,70
3R1C,D,unknown,unknown,RNA,alone,100,90,80,70
3R1C,E,unknown,unknown,RNA,alone,100,90,80,70
3R1C,F,unknown,unknown,RNA,alone,100,90,80,70
3R1C,G,unknown,unknown,RNA,alone,100,90,80,70
3R1C,H,unknown,unknown,RNA,alone,100,90,80,70
3R1C,I,unknown,unknown,RNA,alone,100,90,80,70
3R1C,J,unknown,unknown,RNA,alone,100,90,80,70
3R1C,K,unknown,unknown,RNA,alone,100,90,80,70
3R1C,L,unknown,unknown,RNA,alone,100,90,80,70
3R1C,M,unknown,unknown,RNA,alone,100,90,80,70
3R1C,N,unknown,unknown,RNA,alone,100,90,80,70
3R1C,O,unknown,unknown,RNA,alone,100,90,80,70
3R1C,P,unknown,unknown,RNA,alone,100,90,80,70
3R1C,Q,unknown,unknown,RNA,alone,100,90,80,70
3R1C,R,unknown,unknown,RNA,alone,100,90,80,70
3R1C,S,unknown,unknown,RNA,alone,100,90,80,70
3R1C,Y,unknown,unknown,RNA,alone,100,90,80,70
3R1C,T,unknown,unknown,RNA,alone,100,90,80,70
3R1C,U,unknown,unknown,RNA,alone,100,90,80,70
3R1C,W,unknown,unknown,RNA,alone,100,90,80,70
3R1C,X,unknown,unknown,RNA,alone,100,90,80,70
3R1C,V,unknown,unknown,RNA,alone,100,90,80,70
3R1C,Z,unknown,unknown,RNA,alone,100,90,80,70
3R1C,a,unknown,unknown,RNA,alone,100,90,80,70
3R1C,b,unknown,unknown,RNA,alone,100,90,80,70
3R1C,c,unknown,unknown,RNA,alone,100,90,80,70
3R1C,d,unknown,unknown,RNA,alone,100,90,80,70
3R1C,e,unknown,unknown,RNA,alone,100,90,80,70
3R1C,f,unknown,unknown,RNA,alone,100,90,80,70
3R1C,g,unknown,unknown,RNA,alone,100,90,80,70
3R1C,h,unknown,unknown,RNA,alone,100,90,80,70
3R1C,i,unknown,unknown,RNA,alone,100,90,80,70
3R1C,j,unknown,unknown,RNA,alone,100,90,80,70
4OJI,A,unknown,unknown,RNA,alone,100,90,80,70
2AO5,A,unknown,unknown,RNA,alone,100,90,80,70
2AO5,B,unknown,unknown,RNA,alone,100,90,80,70
2AO5,C,unknown,unknown,RNA,alone,100,90,80,70
2AO5,D,unknown,unknown,RNA,alone,100,90,80,70
4JAB,A,unknown,unknown,RNA,alone,100,90,80,70
4JAB,B,unknown,unknown,RNA,alone,100,90,80,70
6JQ5,A,unknown,unknown,RNA,alone,100,90,80,70
6JQ5,B,unknown,unknown,RNA,alone,100,90,80,70
2QUS,A,unknown,unknown,RNA,alone,100,90,80,70
2QUS,B,unknown,unknown,RNA,alone,100,90,80,70
1YXP,A,unknown,unknown,RNA,alone,100,90,80,70
1YXP,B,unknown,unknown,RNA,alone,100,90,80,70
3FS0,A,unknown,unknown,RNA,alone,100,90,80,70
3FS0,B,unknown,unknown,RNA,alone,100,90,80,70
3SZX,A,unknown,unknown,RNA,alone,100,90,80,70
3SZX,B,unknown,unknown,RNA,alone,100,90,80,70
4C40,A,unknown,unknown,RNA,alone,100,90,80,70
5UZA,X,unknown,unknown,RNA,alone,100,90,80,70
6TFE,A,unknown,unknown,RNA,alone,100,90,80,70
6TFG,A,unknown,unknown,RNA,alone,100,90,80,70
4IHS,E,unknown,unknown,DNA,BenR,100,90,80,70
4IHS,F,unknown,unknown,DNA,BenR,100,90,80,70
4IHS,G,unknown,unknown,DNA,BenR,100,90,80,70
4IHS,H,unknown,unknown,DNA,BenR,100,90,80,70
6F58,C,unknown,unknown,DNA,Brachyury,100,90,80,70
6F58,D,unknown,unknown,DNA,Brachyury,100,90,80,70
6F59,C,unknown,unknown,DNA,Brachyury,100,90,80,70
6F59,D,unknown,unknown,DNA,Brachyury,100,90,80,70
4ROD,N,unknown,unknown,DNA,BRF2,100,90,80,70
4ROD,T,unknown,unknown,DNA,BRF2,100,90,80,70
4ROE,N,unknown,unknown,DNA,BRF2,100,90,80,70
4ROE,T,unknown,unknown,DNA,BRF2,100,90,80,70
1NWQ,B,unknown,unknown,DNA,CEBPA,100,90,80,70
1NWQ,D,unknown,unknown,DNA,CEBPA,100,90,80,70
8K8C,C,unknown,unknown,DNA,CEBPA,100,90,80,70
8K8C,D,unknown,unknown,DNA,CEBPA,100,90,80,70
2QUX,C,unknown,unknown,DNA,Coat,100,90,80,70
2QUX,F,unknown,unknown,DNA,Coat,100,90,80,70
2QUX,I,unknown,unknown,DNA,Coat,100,90,80,70
2QUX,L,unknown,unknown,DNA,Coat,100,90,80,70
2QUX,O,unknown,unknown,DNA,Coat,100,90,80,70
2QUX,R,unknown,unknown,DNA,Coat,100,90,80,70
4L8H,R,unknown,unknown,RNA,Coat,100,90,80,70
1DH3,B,unknown,unknown,DNA,CREB,100,90,80,70
1DH3,D,unknown,unknown,DNA,CREB,100,90,80,70
5ZKO,B,unknown,unknown,DNA,CREB,100,90,80,70
5ZKO,D,unknown,unknown,DNA,CREB,100,90,80,70
5ZK1,B,unknown,unknown,DNA,CREB1,100,90,80,70
5K5H,B,unknown,unknown,DNA,CTCF,100,90,80,70
5K5H,C,unknown,unknown,DNA,CTCF,100,90,80,70
5K5I,B,unknown,unknown,DNA,CTCF,100,90,80,70
5K5I,C,unknown,unknown,DNA,CTCF,100,90,80,70
5K5J,B,unknown,unknown,DNA,CTCF,100,90,80,70
5K5J,C,unknown,unknown,DNA,CTCF,100,90,80,70
5K5L,A,unknown,unknown,DNA,CTCF,100,90,80,70
5K5L,B,unknown,unknown,DNA,CTCF,100,90,80,70
5K5L,C,unknown,unknown,DNA,CTCF,100,90,80,70
5K5L,D,unknown,unknown,DNA,CTCF,100,90,80,70
5KKQ,B,unknown,unknown,DNA,CTCF,100,90,80,70
5KKQ,C,unknown,unknown,DNA,CTCF,100,90,80,70
5KKQ,E,unknown,unknown,DNA,CTCF,100,90,80,70
5KKQ,F,unknown,unknown,DNA,CTCF,100,90,80,70
5T00,B,unknown,unknown,DNA,CTCF,100,90,80,70
5T00,C,unknown,unknown,DNA,CTCF,100,90,80,70
5T00,E,unknown,unknown,DNA,CTCF,100,90,80,70
5T00,F,unknown,unknown,DNA,CTCF,100,90,80,70
5T0U,B,unknown,unknown,DNA,CTCF,100,90,80,70
5T0U,C,unknown,unknown,DNA,CTCF,100,90,80,70
5T0U,E,unknown,unknown,DNA,CTCF,100,90,80,70
5T0U,F,unknown,unknown,DNA,CTCF,100,90,80,70
5UND,C,unknown,unknown,DNA,CTCF,100,90,80,70
5UND,D,unknown,unknown,DNA,CTCF,100,90,80,70
5UND,E,unknown,unknown,DNA,CTCF,100,90,80,70
5UND,F,unknown,unknown,DNA,CTCF,100,90,80,70
5YBD,B,unknown,unknown,DNA,CTCF,100,90,80,70
5YBD,C,unknown,unknown,DNA,CTCF,100,90,80,70
5YBD,Y,unknown,unknown,DNA,CTCF,100,90,80,70
5YBD,Z,unknown,unknown,DNA,CTCF,100,90,80,70
5YEF,C,unknown,unknown,DNA,CTCF,100,90,80,70
5YEF,D,unknown,unknown,DNA,CTCF,100,90,80,70
5YEF,E,unknown,unknown,DNA,CTCF,100,90,80,70
5YEF,F,unknown,unknown,DNA,CTCF,100,90,80,70
5YEF,H,unknown,unknown,DNA,CTCF,100,90,80,70
5YEF,I,unknown,unknown,DNA,CTCF,100,90,80,70
5YEF,K,unknown,unknown,DNA,CTCF,100,90,80,70
5YEF,L,unknown,unknown,DNA,CTCF,100,90,80,70
5YEG,D,unknown,unknown,DNA,CTCF,100,90,80,70
5YEG,C,unknown,unknown,DNA,CTCF,100,90,80,70
5YEG,F,unknown,unknown,DNA,CTCF,100,90,80,70
5YEG,E,unknown,unknown,DNA,CTCF,100,90,80,70
5YEH,D,unknown,unknown,DNA,CTCF,100,90,80,70
5YEH,C,unknown,unknown,DNA,CTCF,100,90,80,70
5YEH,F,unknown,unknown,DNA,CTCF,100,90,80,70
5YEH,E,unknown,unknown,DNA,CTCF,100,90,80,70
5YEL,D,unknown,unknown,DNA,CTCF,100,90,80,70
5YEL,C,unknown,unknown,DNA,CTCF,100,90,80,70
5YEL,F,unknown,unknown,DNA,CTCF,100,90,80,70
5YEL,E,unknown,unknown,DNA,CTCF,100,90,80,70
8SSQ,B,unknown,unknown,DNA,CTCF,100,90,80,70
8SSQ,C,unknown,unknown,DNA,CTCF,100,90,80,70
8SSQ,E,unknown,unknown,DNA,CTCF,100,90,80,70
8SSQ,F,unknown,unknown,DNA,CTCF,100,90,80,70
8SSR,B,unknown,unknown,DNA,CTCF,100,90,80,70
8SSR,C,unknown,unknown,DNA,CTCF,100,90,80,70
8SSR,E,unknown,unknown,DNA,CTCF,100,90,80,70
8SSR,F,unknown,unknown,DNA,CTCF,100,90,80,70
8SSS,B,unknown,unknown,DNA,CTCF,100,90,80,70
8SSS,C,unknown,unknown,DNA,CTCF,100,90,80,70
8SSS,E,unknown,unknown,DNA,CTCF,100,90,80,70
8SSS,F,unknown,unknown,DNA,CTCF,100,90,80,70
8SST,B,unknown,unknown,DNA,CTCF,100,90,80,70
8SST,C,unknown,unknown,DNA,CTCF,100,90,80,70
8SST,E,unknown,unknown,DNA,CTCF,100,90,80,70
8SST,F,unknown,unknown,DNA,CTCF,100,90,80,70
8SSU,B,unknown,unknown,DNA,CTCF,100,90,80,70
8SSU,C,unknown,unknown,DNA,CTCF,100,90,80,70
5D5W,A,unknown,unknown,DNA,CTHT,100,90,80,70
3VYX,B,unknown,unknown,RNA,DHX9,100,90,80,70
3VYX,C,unknown,unknown,RNA,DHX9,100,90,80,70
3VYY,C,unknown,unknown,RNA,DHX9,100,90,80,70
3VYY,D,unknown,unknown,RNA,DHX9,100,90,80,70
3VYY,E,unknown,unknown,RNA,DHX9,100,90,80,70
3VYY,F,unknown,unknown,RNA,DHX9,100,90,80,70
3VYY,G,unknown,unknown,RNA,DHX9,100,90,80,70
4NGB,B,unknown,unknown,RNA,DICER,100,90,80,70
4NGC,B,unknown,unknown,RNA,DICER,100,90,80,70
4NGD,B,unknown,unknown,RNA,DICER,100,90,80,70
4NGF,E,unknown,unknown,RNA,DICER,100,90,80,70
4NGF,F,unknown,unknown,RNA,DICER,100,90,80,70
4NGF,G,unknown,unknown,RNA,DICER,100,90,80,70
4NGF,H,unknown,unknown,RNA,DICER,100,90,80,70
4NGG,B,unknown,unknown,RNA,DICER,100,90,80,70
4NH3,B,unknown,unknown,RNA,DICER,100,90,80,70
4NH5,B,unknown,unknown,RNA,DICER,100,90,80,70
4NH6,B,unknown,unknown,RNA,DICER,100,90,80,70
4NHA,B,unknown,unknown,RNA,DICER,100,90,80,70
7XW2,C,unknown,unknown,RNA,DICER1,100,90,80,70
1CF7,C,unknown,unknown,DNA,E2F4,100,90,80,70
1CF7,D,unknown,unknown,DNA,E2F4,100,90,80,70
4YO2,C,unknown,unknown,DNA,E2F8,100,90,80,70
4YO2,D,unknown,unknown,DNA,E2F8,100,90,80,70
1SI2,B,unknown,unknown,RNA,EIF2C1,100,90,80,70
1SI3,B,unknown,unknown,RNA,EIF2C1,100,90,80,70
5ZC9,B,unknown,unknown,RNA,EIF4A1,100,90,80,70
4IRI,B,unknown,unknown,DNA,ERG,100,90,80,70
4IRI,C,unknown,unknown,DNA,ERG,100,90,80,70
4BQA,B,unknown,unknown,DNA,ETS2,100,90,80,70
4BQA,C,unknown,unknown,DNA,ETS2,100,90,80,70
4BQA,E,unknown,unknown,DNA,ETS2,100,90,80,70
4BQA,F,unknown,unknown,DNA,ETS2,100,90,80,70
4BQA,H,unknown,unknown,DNA,ETS2,100,90,80,70
4BQA,I,unknown,unknown,DNA,ETS2,100,90,80,70
3ZP5,C,unknown,unknown,DNA,Etv1,100,90,80,70
3ZP5,G,unknown,unknown,DNA,Etv1,100,90,80,70
4MHG,B,unknown,unknown,DNA,ETV6,100,90,80,70
4MHG,C,unknown,unknown,DNA,ETV6,100,90,80,70
5DUI,C,unknown,unknown,DNA,FOXO1,100,90,80,70
5DUI,D,unknown,unknown,DNA,FOXO1,100,90,80,70
2UZK,D,unknown,unknown,DNA,Foxo3A,100,90,80,70
2UZK,E,unknown,unknown,DNA,Foxo3A,100,90,80,70
2UZK,F,unknown,unknown,DNA,Foxo3A,100,90,80,70
3QRF,A,unknown,unknown,DNA,FOXP3,100,90,80,70
3QRF,B,unknown,unknown,DNA,FOXP3,100,90,80,70
4WK8,A,unknown,unknown,DNA,FOXP3,100,90,80,70
4WK8,B,unknown,unknown,DNA,FOXP3,100,90,80,70
7TDW,B,unknown,unknown,DNA,Foxp3,100,90,80,70
7TDW,C,unknown,unknown,DNA,Foxp3,100,90,80,70
7TDX,B,unknown,unknown,DNA,Foxp3,100,90,80,70
7TDX,C,unknown,unknown,DNA,Foxp3,100,90,80,70
8SRO,E,unknown,unknown,DNA,Foxp3,100,90,80,70
8SRO,F,unknown,unknown,DNA,Foxp3,100,90,80,70
8SRO,I,unknown,unknown,DNA,Foxp3,100,90,80,70
8SRO,J,unknown,unknown,DNA,Foxp3,100,90,80,70
8SRP,K,unknown,unknown,DNA,Foxp3,100,90,80,70
8SRP,L,unknown,unknown,DNA,Foxp3,100,90,80,70
8SRP,M,unknown,unknown,DNA,Foxp3,100,90,80,70
8SRP,N,unknown,unknown,DNA,Foxp3,100,90,80,70
1DGC,B,unknown,unknown,DNA,GCN4,100,90,80,70
2DGC,B,unknown,unknown,DNA,GCN4,100,90,80,70
4TZ0,B,unknown,unknown,RNA,helicase,100,90,80,70
2JLY,C,unknown,unknown,RNA,helicase,100,90,80,70
2JLY,D,unknown,unknown,RNA,helicase,100,90,80,70
2JLZ,C,unknown,unknown,RNA,helicase,100,90,80,70
2JLZ,D,unknown,unknown,RNA,helicase,100,90,80,70
4IQR,C,unknown,unknown,DNA,HNF4A,100,90,80,70
4IQR,D,unknown,unknown,DNA,HNF4A,100,90,80,70
4IQR,G,unknown,unknown,DNA,HNF4A,100,90,80,70
4IQR,H,unknown,unknown,DNA,HNF4A,100,90,80,70
5WWF,B,unknown,unknown,RNA,HNRNPA2B,100,90,80,70
5WWF,D,unknown,unknown,RNA,HNRNPA2B,100,90,80,70
5WWE,B,unknown,unknown,RNA,HNRNPA2B,100,90,80,70
1PO6,B,unknown,unknown,DNA,HNRPA1,100,90,80,70
1U1K,B,unknown,unknown,DNA,HNRPA1,100,90,80,70
1U1L,B,unknown,unknown,DNA,HNRPA1,100,90,80,70
5VMU,D,unknown,unknown,DNA,Kaiso,100,90,80,70
5VMU,E,unknown,unknown,DNA,Kaiso,100,90,80,70
5VMV,D,unknown,unknown,DNA,Kaiso,100,90,80,70
5VMV,E,unknown,unknown,DNA,Kaiso,100,90,80,70
5VMW,D,unknown,unknown,DNA,Kaiso,100,90,80,70
5VMW,E,unknown,unknown,DNA,Kaiso,100,90,80,70
5VMX,D,unknown,unknown,DNA,Kaiso,100,90,80,70
5VMX,E,unknown,unknown,DNA,Kaiso,100,90,80,70
5VMY,D,unknown,unknown,DNA,Kaiso,100,90,80,70
5VMY,E,unknown,unknown,DNA,Kaiso,100,90,80,70
6DF5,D,unknown,unknown,DNA,Kaiso,100,90,80,70
6DF5,E,unknown,unknown,DNA,Kaiso,100,90,80,70
6DF8,D,unknown,unknown,DNA,Kaiso,100,90,80,70
6DF8,E,unknown,unknown,DNA,Kaiso,100,90,80,70
6DF9,D,unknown,unknown,DNA,Kaiso,100,90,80,70
6DF9,E,unknown,unknown,DNA,Kaiso,100,90,80,70
6DFA,D,unknown,unknown,DNA,Kaiso,100,90,80,70
6DFA,E,unknown,unknown,DNA,Kaiso,100,90,80,70
6DFB,D,unknown,unknown,DNA,Kaiso,100,90,80,70
6DFB,E,unknown,unknown,DNA,Kaiso,100,90,80,70
6DFC,D,unknown,unknown,DNA,Kaiso,100,90,80,70
6DFC,E,unknown,unknown,DNA,Kaiso,100,90,80,70
6V8U,D,unknown,unknown,DNA,Kaiso,100,90,80,70
6V8U,E,unknown,unknown,DNA,Kaiso,100,90,80,70
6D12,C,unknown,unknown,RNA,LARP7,100,90,80,70
1NLW,F,unknown,unknown,DNA,Mad,100,90,80,70
1NLW,G,unknown,unknown,DNA,Mad,100,90,80,70
1NLW,H,unknown,unknown,DNA,Mad,100,90,80,70
1NLW,J,unknown,unknown,DNA,Mad,100,90,80,70
4EOT,C,unknown,unknown,DNA,MAFA,100,90,80,70
4EOT,D,unknown,unknown,DNA,MAFA,100,90,80,70
4EOT,C,unknown,unknown,DNA,MAFA,100,90,80,70
4EOT,D,unknown,unknown,DNA,MAFA,100,90,80,70
1MNM,E,unknown,unknown,DNA,MATalpha,100,90,80,70
1MNM,F,unknown,unknown,DNA,MATalpha,100,90,80,70
1K61,E,unknown,unknown,DNA,MATalpha,100,90,80,70
1K61,F,unknown,unknown,DNA,MATalpha,100,90,80,70
1LE8,C,unknown,unknown,DNA,MATalpha,100,90,80,70
1LE8,D,unknown,unknown,DNA,MATalpha,100,90,80,70
1EGW,E,unknown,unknown,DNA,MEF2A,100,90,80,70
1EGW,F,unknown,unknown,DNA,MEF2A,100,90,80,70
1EGW,G,unknown,unknown,DNA,MEF2A,100,90,80,70
1EGW,H,unknown,unknown,DNA,MEF2A,100,90,80,70
1N6J,C,unknown,unknown,DNA,MEF2B,100,90,80,70
1N6J,D,unknown,unknown,DNA,MEF2B,100,90,80,70
8C84,K,unknown,unknown,DNA,MEF2D,100,90,80,70
8C84,L,unknown,unknown,DNA,MEF2D,100,90,80,70
8Q9Q,K,unknown,unknown,DNA,MEF2D,100,90,80,70
8Q9Q,L,unknown,unknown,DNA,MEF2D,100,90,80,70
8Q9R,G,unknown,unknown,DNA,MEF2D,100,90,80,70
8Q9R,H,unknown,unknown,DNA,MEF2D,100,90,80,70
8Q9R,K,unknown,unknown,DNA,MEF2D,100,90,80,70
8Q9R,L,unknown,unknown,DNA,MEF2D,100,90,80,70
6DCC,B,unknown,unknown,RNA,MEPCE,100,90,80,70
3BT7,C,unknown,unknown,RNA,methyltransferase,100,90,80,70
3BT7,D,unknown,unknown,RNA,methyltransferase,100,90,80,70
5ZQ0,B,unknown,unknown,RNA,methyltransferase,100,90,80,70
5WWX,C,unknown,unknown,RNA,MEX3C,100,90,80,70
2NZ4,E,unknown,unknown,RNA,mnt,100,90,80,70
2NZ4,P,unknown,unknown,RNA,mnt,100,90,80,70
2NZ4,F,unknown,unknown,RNA,mnt,100,90,80,70
2NZ4,Q,unknown,unknown,RNA,mnt,100,90,80,70
3P59,A,unknown,unknown,RNA,mnt,100,90,80,70
3P59,C,unknown,unknown,RNA,mnt,100,90,80,70
3P59,E,unknown,unknown,RNA,mnt,100,90,80,70
3P59,G,unknown,unknown,RNA,mnt,100,90,80,70
2AWE,A,unknown,unknown,RNA,mnt,100,90,80,70
2AWE,B,unknown,unknown,RNA,mnt,100,90,80,70
2AWE,C,unknown,unknown,RNA,mnt,100,90,80,70
2AWE,D,unknown,unknown,RNA,mnt,100,90,80,70
2AWE,E,unknown,unknown,RNA,mnt,100,90,80,70
2AWE,F,unknown,unknown,RNA,mnt,100,90,80,70
2AWE,G,unknown,unknown,RNA,mnt,100,90,80,70
2AWE,H,unknown,unknown,RNA,mnt,100,90,80,70
3S49,A,unknown,unknown,RNA,mnt,100,90,80,70
3S49,B,unknown,unknown,RNA,mnt,100,90,80,70
3S49,C,unknown,unknown,RNA,mnt,100,90,80,70
3S49,D,unknown,unknown,RNA,mnt,100,90,80,70
3S49,E,unknown,unknown,RNA,mnt,100,90,80,70
3S49,F,unknown,unknown,RNA,mnt,100,90,80,70
3S49,G,unknown,unknown,RNA,mnt,100,90,80,70
2OUE,A,unknown,unknown,RNA,mnt,100,90,80,70
3B5S,A,unknown,unknown,RNA,mnt,100,90,80,70
3B5S,B,unknown,unknown,RNA,mnt,100,90,80,70
3B5S,C,unknown,unknown,RNA,mnt,100,90,80,70
2P7F,A,unknown,unknown,RNA,mnt,100,90,80,70
1QBP,A,unknown,unknown,RNA,mnt,100,90,80,70
1QBP,B,unknown,unknown,RNA,mnt,100,90,80,70
1QBP,C,unknown,unknown,RNA,mnt,100,90,80,70
1QBP,D,unknown,unknown,RNA,mnt,100,90,80,70
1QBP,E,unknown,unknown,RNA,mnt,100,90,80,70
1QBP,F,unknown,unknown,RNA,mnt,100,90,80,70
7KUO,A,unknown,unknown,RNA,mnt,100,90,80,70
7KUO,B,unknown,unknown,RNA,mnt,100,90,80,70
7U8A,A,unknown,unknown,RNA,mnt,100,90,80,70
7U8A,B,unknown,unknown,RNA,mnt,100,90,80,70
3B5A,B,unknown,unknown,RNA,mnt,100,90,80,70
3BBI,B,unknown,unknown,RNA,mnt,100,90,80,70
3BBI,C,unknown,unknown,RNA,mnt,100,90,80,70
6C8M,A,unknown,unknown,RNA,mnt,100,90,80,70
6C8M,B,unknown,unknown,RNA,mnt,100,90,80,70
7LNG,A,unknown,unknown,RNA,mnt,100,90,80,70
7LNG,B,unknown,unknown,RNA,mnt,100,90,80,70
6CY0,A,unknown,unknown,RNA,mnt,100,90,80,70
6CY0,B,unknown,unknown,RNA,mnt,100,90,80,70
6CY0,C,unknown,unknown,RNA,mnt,100,90,80,70
6CY0,D,unknown,unknown,RNA,mnt,100,90,80,70
6CY0,E,unknown,unknown,RNA,mnt,100,90,80,70
6CY0,F,unknown,unknown,RNA,mnt,100,90,80,70
6CY0,G,unknown,unknown,RNA,mnt,100,90,80,70
6CY0,H,unknown,unknown,RNA,mnt,100,90,80,70
1X9C,A,unknown,unknown,RNA,mnt,100,90,80,70
1ZFT,A,unknown,unknown,RNA,mnt,100,90,80,70
5O69,A,unknown,unknown,RNA,mnt,100,90,80,70
5O69,B,unknown,unknown,RNA,mnt,100,90,80,70
7U88,A,unknown,unknown,RNA,mnt,100,90,80,70
7U88,B,unknown,unknown,RNA,mnt,100,90,80,70
5ZQ8,C,unknown,unknown,RNA,mnt,100,90,80,70
5ZQ8,D,unknown,unknown,RNA,mnt,100,90,80,70
6U89,A,unknown,unknown,RNA,mnt,100,90,80,70
6U89,B,unknown,unknown,RNA,mnt,100,90,80,70
1IMH,A,unknown,unknown,DNA,NFAT5,100,90,80,70
1IMH,B,unknown,unknown,DNA,NFAT5,100,90,80,70
1OWR,A,unknown,unknown,DNA,NFATC2,100,90,80,70
1OWR,B,unknown,unknown,DNA,NFATC2,100,90,80,70
1OWR,C,unknown,unknown,DNA,NFATC2,100,90,80,70
1OWR,D,unknown,unknown,DNA,NFATC2,100,90,80,70
1OWR,E,unknown,unknown,DNA,NFATC2,100,90,80,70
1OWR,F,unknown,unknown,DNA,NFATC2,100,90,80,70
1OWR,G,unknown,unknown,DNA,NFATC2,100,90,80,70
1OWR,H,unknown,unknown,DNA,NFATC2,100,90,80,70
2AS5,A,unknown,unknown,DNA,NFATC2,100,90,80,70
2AS5,B,unknown,unknown,DNA,NFATC2,100,90,80,70
2AS5,C,unknown,unknown,DNA,NFATC2,100,90,80,70
2AS5,D,unknown,unknown,DNA,NFATC2,100,90,80,70
2O93,A,unknown,unknown,DNA,NFATC2,100,90,80,70
2O93,B,unknown,unknown,DNA,NFATC2,100,90,80,70
8OW4,C,unknown,unknown,DNA,NFATC2,100,90,80,70
8OW4,G,unknown,unknown,DNA,NFATC2,100,90,80,70
8OW4,H,unknown,unknown,DNA,NFATC2,100,90,80,70
8OW4,W,unknown,unknown,DNA,NFATC2,100,90,80,70
8K86,C,unknown,unknown,DNA,NFIL3,100,90,80,70
8K86,D,unknown,unknown,DNA,NFIL3,100,90,80,70
8K8A,C,unknown,unknown,DNA,NFIL3,100,90,80,70
8K8A,D,unknown,unknown,DNA,NFIL3,100,90,80,70
2O61,E,unknown,unknown,DNA,NFkB,100,90,80,70
2O61,F,unknown,unknown,DNA,NFkB,100,90,80,70
4AWL,I,unknown,unknown,DNA,NFY,100,90,80,70
4AWL,J,unknown,unknown,DNA,NFY,100,90,80,70
1ECU,A,unknown,unknown,DNA,None,100,90,80,70
2ANN,B,unknown,unknown,RNA,Nova1,100,90,80,70
1EC6,C,unknown,unknown,RNA,NOVA2,100,90,80,70
1EC6,D,unknown,unknown,RNA,NOVA2,100,90,80,70
7XV6,C,unknown,unknown,DNA,NR2C2,100,90,80,70
7XV6,D,unknown,unknown,DNA,NR2C2,100,90,80,70
7XV8,C,unknown,unknown,DNA,NR2C2,100,90,80,70
7XV8,D,unknown,unknown,DNA,NR2C2,100,90,80,70
6ZLC,C,unknown,unknown,RNA,ns1,100,90,80,70
6ZLC,D,unknown,unknown,RNA,ns1,100,90,80,70
7BV2,P,unknown,unknown,RNA,nsp,100,90,80,70
7BV2,T,unknown,unknown,RNA,nsp,100,90,80,70
3RW6,H,unknown,unknown,RNA,NXF1,100,90,80,70
3RW6,F,unknown,unknown,RNA,NXF1,100,90,80,70
4JK0,B,unknown,unknown,RNA,p19,100,90,80,70
6BJG,C,unknown,unknown,RNA,p19,100,90,80,70
6BJG,D,unknown,unknown,RNA,p19,100,90,80,70
6BJV,C,unknown,unknown,RNA,p19,100,90,80,70
6BJV,D,unknown,unknown,RNA,p19,100,90,80,70
1NFK,C,unknown,unknown,DNA,p50,100,90,80,70
1NFK,D,unknown,unknown,DNA,p50,100,90,80,70
1OOA,C,unknown,unknown,RNA,p50,100,90,80,70
1OOA,D,unknown,unknown,RNA,p50,100,90,80,70
1SVC,D,unknown,unknown,DNA,p50,100,90,80,70
1A3Q,C,unknown,unknown,DNA,p52,100,90,80,70
1A3Q,D,unknown,unknown,DNA,p52,100,90,80,70
3DO7,C,unknown,unknown,DNA,p52,100,90,80,70
3DO7,D,unknown,unknown,DNA,p52,100,90,80,70
3DO7,E,unknown,unknown,DNA,p52,100,90,80,70
7CLI,C,unknown,unknown,DNA,p52,100,90,80,70
7CLI,D,unknown,unknown,DNA,p52,100,90,80,70
7VUP,C,unknown,unknown,DNA,p52,100,90,80,70
7VUP,D,unknown,unknown,DNA,p52,100,90,80,70
7VUQ,C,unknown,unknown,DNA,p52,100,90,80,70
7VUQ,D,unknown,unknown,DNA,p52,100,90,80,70
7W7L,C,unknown,unknown,DNA,p52,100,90,80,70
7W7L,D,unknown,unknown,DNA,p52,100,90,80,70
1TSR,E,unknown,unknown,DNA,p53,100,90,80,70
1TSR,F,unknown,unknown,DNA,p53,100,90,80,70
1TUP,E,unknown,unknown,DNA,p53,100,90,80,70
1TUP,F,unknown,unknown,DNA,p53,100,90,80,70
2AC0,E,unknown,unknown,DNA,p53,100,90,80,70
2AC0,F,unknown,unknown,DNA,p53,100,90,80,70
2AC0,G,unknown,unknown,DNA,p53,100,90,80,70
2AC0,H,unknown,unknown,DNA,p53,100,90,80,70
2ADY,E,unknown,unknown,DNA,p53,100,90,80,70
2ADY,F,unknown,unknown,DNA,p53,100,90,80,70
2AHI,E,unknown,unknown,DNA,p53,100,90,80,70
2AHI,F,unknown,unknown,DNA,p53,100,90,80,70
2AHI,G,unknown,unknown,DNA,p53,100,90,80,70
2AHI,H,unknown,unknown,DNA,p53,100,90,80,70
2ATA,E,unknown,unknown,DNA,p53,100,90,80,70
2ATA,F,unknown,unknown,DNA,p53,100,90,80,70
2ATA,G,unknown,unknown,DNA,p53,100,90,80,70
2ATA,H,unknown,unknown,DNA,p53,100,90,80,70
3D0A,E,unknown,unknown,DNA,p53,100,90,80,70
3D0A,F,unknown,unknown,DNA,p53,100,90,80,70
3D0A,G,unknown,unknown,DNA,p53,100,90,80,70
3D0A,H,unknown,unknown,DNA,p53,100,90,80,70
3KMD,E,unknown,unknown,DNA,p53,100,90,80,70
3KMD,F,unknown,unknown,DNA,p53,100,90,80,70
3KZ8,C,unknown,unknown,DNA,p53,100,90,80,70
3Q05,K,unknown,unknown,DNA,p53,100,90,80,70
3Q05,L,unknown,unknown,DNA,p53,100,90,80,70
3Q06,K,unknown,unknown,DNA,p53,100,90,80,70
3Q06,L,unknown,unknown,DNA,p53,100,90,80,70
3TS8,K,unknown,unknown,DNA,p53,100,90,80,70
3TS8,L,unknown,unknown,DNA,p53,100,90,80,70
4HJE,E,unknown,unknown,DNA,p53,100,90,80,70
4HJE,F,unknown,unknown,DNA,p53,100,90,80,70
4IBU,E,unknown,unknown,DNA,p53,100,90,80,70
4IBU,F,unknown,unknown,DNA,p53,100,90,80,70
4IBU,G,unknown,unknown,DNA,p53,100,90,80,70
4IBU,H,unknown,unknown,DNA,p53,100,90,80,70
4MZR,K,unknown,unknown,DNA,p53,100,90,80,70
4MZR,L,unknown,unknown,DNA,p53,100,90,80,70
5LGY,E,unknown,unknown,DNA,p53,100,90,80,70
5LGY,F,unknown,unknown,DNA,p53,100,90,80,70
5MCT,C,unknown,unknown,DNA,p53,100,90,80,70
5MCU,C,unknown,unknown,DNA,p53,100,90,80,70
5MCV,C,unknown,unknown,DNA,p53,100,90,80,70
5MCW,C,unknown,unknown,DNA,p53,100,90,80,70
5MF7,C,unknown,unknown,DNA,p53,100,90,80,70
5MG7,C,unknown,unknown,DNA,p53,100,90,80,70
6FJ5,F,unknown,unknown,DNA,p53,100,90,80,70
6FJ5,G,unknown,unknown,DNA,p53,100,90,80,70
7B46,E,unknown,unknown,DNA,p53,100,90,80,70
7B46,F,unknown,unknown,DNA,p53,100,90,80,70
7B46,G,unknown,unknown,DNA,p53,100,90,80,70
7B46,H,unknown,unknown,DNA,p53,100,90,80,70
7B49,C,unknown,unknown,DNA,p53,100,90,80,70
7B4A,C,unknown,unknown,DNA,p53,100,90,80,70
7B4D,C,unknown,unknown,DNA,p53,100,90,80,70
7B4H,B,unknown,unknown,DNA,p53,100,90,80,70
7B4N,B,unknown,unknown,DNA,p53,100,90,80,70
7EEU,I,unknown,unknown,DNA,p53,100,90,80,70
7EEU,J,unknown,unknown,DNA,p53,100,90,80,70
7EEU,K,unknown,unknown,DNA,p53,100,90,80,70
7EEU,L,unknown,unknown,DNA,p53,100,90,80,70
2GEQ,C,unknown,unknown,DNA,p53,100,90,80,70
2GEQ,D,unknown,unknown,DNA,p53,100,90,80,70
3EXJ,C,unknown,unknown,DNA,p53,100,90,80,70
3EXJ,D,unknown,unknown,DNA,p53,100,90,80,70
3EXL,C,unknown,unknown,DNA,p53,100,90,80,70
3EXL,D,unknown,unknown,DNA,p53,100,90,80,70
3IGK,B,unknown,unknown,DNA,p53,100,90,80,70
3IGL,B,unknown,unknown,DNA,p53,100,90,80,70
4IBV,B,unknown,unknown,DNA,p53,100,90,80,70
4IBW,B,unknown,unknown,DNA,p53,100,90,80,70
5BUA,B,unknown,unknown,DNA,p53,100,90,80,70
6ZNC,B,unknown,unknown,DNA,p53,100,90,80,70
7B4E,B,unknown,unknown,DNA,p53,100,90,80,70
7B4F,B,unknown,unknown,DNA,p53,100,90,80,70
7B4G,B,unknown,unknown,DNA,p53,100,90,80,70
7EDS,R,unknown,unknown,DNA,p53,100,90,80,70
7EDS,F,unknown,unknown,DNA,p53,100,90,80,70
3QYM,I,unknown,unknown,DNA,p63,100,90,80,70
3QYM,J,unknown,unknown,DNA,p63,100,90,80,70
3QYM,K,unknown,unknown,DNA,p63,100,90,80,70
3QYM,L,unknown,unknown,DNA,p63,100,90,80,70
3QYM,M,unknown,unknown,DNA,p63,100,90,80,70
3QYM,N,unknown,unknown,DNA,p63,100,90,80,70
3QYM,O,unknown,unknown,DNA,p63,100,90,80,70
3QYM,P,unknown,unknown,DNA,p63,100,90,80,70
3QYN,E,unknown,unknown,DNA,p63,100,90,80,70
3QYN,F,unknown,unknown,DNA,p63,100,90,80,70
3US0,E,unknown,unknown,DNA,p63,100,90,80,70
3US0,F,unknown,unknown,DNA,p63,100,90,80,70
3US1,F,unknown,unknown,DNA,p63,100,90,80,70
3US2,K,unknown,unknown,DNA,p63,100,90,80,70
3US2,L,unknown,unknown,DNA,p63,100,90,80,70
1LEI,C,unknown,unknown,DNA,p65,100,90,80,70
1LEI,D,unknown,unknown,DNA,p65,100,90,80,70
2I9T,C,unknown,unknown,DNA,p65,100,90,80,70
2I9T,D,unknown,unknown,DNA,p65,100,90,80,70
3GUT,X,unknown,unknown,DNA,p65,100,90,80,70
3GUT,Y,unknown,unknown,DNA,p65,100,90,80,70
3GUT,I,unknown,unknown,DNA,p65,100,90,80,70
3GUT,J,unknown,unknown,DNA,p65,100,90,80,70
3VD0,E,unknown,unknown,DNA,p73,100,90,80,70
3VD0,F,unknown,unknown,DNA,p73,100,90,80,70
3VD0,G,unknown,unknown,DNA,p73,100,90,80,70
3VD0,H,unknown,unknown,DNA,p73,100,90,80,70
3VD0,M,unknown,unknown,DNA,p73,100,90,80,70
3VD0,N,unknown,unknown,DNA,p73,100,90,80,70
3VD0,O,unknown,unknown,DNA,p73,100,90,80,70
3VD0,P,unknown,unknown,DNA,p73,100,90,80,70
3VD1,E,unknown,unknown,DNA,p73,100,90,80,70
3VD1,F,unknown,unknown,DNA,p73,100,90,80,70
3VD1,G,unknown,unknown,DNA,p73,100,90,80,70
3VD1,H,unknown,unknown,DNA,p73,100,90,80,70
3VD1,M,unknown,unknown,DNA,p73,100,90,80,70
3VD1,N,unknown,unknown,DNA,p73,100,90,80,70
3VD1,O,unknown,unknown,DNA,p73,100,90,80,70
3VD1,P,unknown,unknown,DNA,p73,100,90,80,70
3VD2,E,unknown,unknown,DNA,p73,100,90,80,70
3VD2,F,unknown,unknown,DNA,p73,100,90,80,70
3VD2,G,unknown,unknown,DNA,p73,100,90,80,70
3VD2,H,unknown,unknown,DNA,p73,100,90,80,70
3VD2,L,unknown,unknown,DNA,p73,100,90,80,70
3VD2,K,unknown,unknown,DNA,p73,100,90,80,70
4G82,E,unknown,unknown,DNA,p73,100,90,80,70
4G82,F,unknown,unknown,DNA,p73,100,90,80,70
4G83,E,unknown,unknown,DNA,p73,100,90,80,70
4G83,F,unknown,unknown,DNA,p73,100,90,80,70
4GUO,E,unknown,unknown,DNA,p73,100,90,80,70
4GUO,F,unknown,unknown,DNA,p73,100,90,80,70
4GUO,G,unknown,unknown,DNA,p73,100,90,80,70
4GUO,M,unknown,unknown,DNA,p73,100,90,80,70
4GUO,N,unknown,unknown,DNA,p73,100,90,80,70
4GUO,O,unknown,unknown,DNA,p73,100,90,80,70
4GUO,P,unknown,unknown,DNA,p73,100,90,80,70
4GUQ,E,unknown,unknown,DNA,p73,100,90,80,70
4GUQ,F,unknown,unknown,DNA,p73,100,90,80,70
5KBD,C,unknown,unknown,DNA,p73,100,90,80,70
5KBD,D,unknown,unknown,DNA,p73,100,90,80,70
7EZJ,E,unknown,unknown,DNA,p73,100,90,80,70
7EZJ,e,unknown,unknown,DNA,p73,100,90,80,70
7EZJ,F,unknown,unknown,DNA,p73,100,90,80,70
7EZJ,f,unknown,unknown,DNA,p73,100,90,80,70
7EZJ,G,unknown,unknown,DNA,p73,100,90,80,70
7EZJ,g,unknown,unknown,DNA,p73,100,90,80,70
7EZJ,H,unknown,unknown,DNA,p73,100,90,80,70
7EZJ,h,unknown,unknown,DNA,p73,100,90,80,70
7EZJ,M,unknown,unknown,DNA,p73,100,90,80,70
7EZJ,m,unknown,unknown,DNA,p73,100,90,80,70
7EZJ,N,unknown,unknown,DNA,p73,100,90,80,70
7EZJ,n,unknown,unknown,DNA,p73,100,90,80,70
7EZJ,O,unknown,unknown,DNA,p73,100,90,80,70
7EZJ,o,unknown,unknown,DNA,p73,100,90,80,70
7EZJ,P,unknown,unknown,DNA,p73,100,90,80,70
7EZJ,p,unknown,unknown,DNA,p73,100,90,80,70
1CVJ,M,unknown,unknown,RNA,PABP,100,90,80,70
1CVJ,N,unknown,unknown,RNA,PABP,100,90,80,70
1CVJ,O,unknown,unknown,RNA,PABP,100,90,80,70
1CVJ,P,unknown,unknown,RNA,PABP,100,90,80,70
1CVJ,Q,unknown,unknown,RNA,PABP,100,90,80,70
1CVJ,R,unknown,unknown,RNA,PABP,100,90,80,70
1CVJ,S,unknown,unknown,RNA,PABP,100,90,80,70
1CVJ,T,unknown,unknown,RNA,PABP,100,90,80,70
4F02,B,unknown,unknown,RNA,PABPC1,100,90,80,70
4F02,E,unknown,unknown,RNA,PABPC1,100,90,80,70
5I9F,F,unknown,unknown,RNA,pentatricopeptide,100,90,80,70
5I9G,A,unknown,unknown,RNA,pentatricopeptide,100,90,80,70
2R92,P,unknown,unknown,RNA,PNAP,100,90,80,70
2R92,T,unknown,unknown,RNA,PNAP,100,90,80,70
3HOY,N,unknown,unknown,RNA,PNAP,100,90,80,70
3HOY,P,unknown,unknown,RNA,PNAP,100,90,80,70
3HOY,T,unknown,unknown,RNA,PNAP,100,90,80,70
1MSW,T,unknown,unknown,DNA,polymerase,100,90,80,70
1MSW,N,unknown,unknown,DNA,polymerase,100,90,80,70
1MSW,R,unknown,unknown,RNA,polymerase,100,90,80,70
1QLN,N,unknown,unknown,DNA,polymerase,100,90,80,70
1QLN,R,unknown,unknown,DNA,polymerase,100,90,80,70
1QLN,T,unknown,unknown,DNA,polymerase,100,90,80,70
1CEZ,T,unknown,unknown,DNA,polymerase,100,90,80,70
1CEZ,N,unknown,unknown,DNA,polymerase,100,90,80,70
3KMQ,B,unknown,unknown,RNA,polymerase,100,90,80,70
3KMQ,C,unknown,unknown,RNA,polymerase,100,90,80,70
3OL9,B,unknown,unknown,RNA,polymerase,100,90,80,70
3OL9,C,unknown,unknown,RNA,polymerase,100,90,80,70
3OL9,D,unknown,unknown,RNA,polymerase,100,90,80,70
3OL9,F,unknown,unknown,RNA,polymerase,100,90,80,70
3OL9,G,unknown,unknown,RNA,polymerase,100,90,80,70
3OL9,J,unknown,unknown,RNA,polymerase,100,90,80,70
3OL9,K,unknown,unknown,RNA,polymerase,100,90,80,70
3OL9,N,unknown,unknown,RNA,polymerase,100,90,80,70
3OL9,O,unknown,unknown,RNA,polymerase,100,90,80,70
3OL9,P,unknown,unknown,RNA,polymerase,100,90,80,70
3OLB,B,unknown,unknown,RNA,polymerase,100,90,80,70
3OLB,C,unknown,unknown,RNA,polymerase,100,90,80,70
3OLB,F,unknown,unknown,RNA,polymerase,100,90,80,70
3OLB,G,unknown,unknown,RNA,polymerase,100,90,80,70
3OLB,J,unknown,unknown,RNA,polymerase,100,90,80,70
3OLB,K,unknown,unknown,RNA,polymerase,100,90,80,70
3OLB,L,unknown,unknown,RNA,polymerase,100,90,80,70
3OLB,N,unknown,unknown,RNA,polymerase,100,90,80,70
3OLB,O,unknown,unknown,RNA,polymerase,100,90,80,70
3OLB,P,unknown,unknown,RNA,polymerase,100,90,80,70
8PSZ,V,unknown,unknown,RNA,polymerase,100,90,80,70
8PSZ,S,unknown,unknown,RNA,polymerase,100,90,80,70
8PSZ,P,unknown,unknown,RNA,polymerase,100,90,80,70
8PSZ,D,unknown,unknown,RNA,polymerase,100,90,80,70
3KMS,B,unknown,unknown,RNA,polymerase,100,90,80,70
3KMS,C,unknown,unknown,RNA,polymerase,100,90,80,70
3KOA,B,unknown,unknown,RNA,polymerase,100,90,80,70
3KOA,C,unknown,unknown,RNA,polymerase,100,90,80,70
3AVX,G,unknown,unknown,RNA,polymerase,100,90,80,70
3AVX,T,unknown,unknown,RNA,polymerase,100,90,80,70
4K4X,B,unknown,unknown,RNA,polymerase,100,90,80,70
4K4X,C,unknown,unknown,RNA,polymerase,100,90,80,70
4K4X,F,unknown,unknown,RNA,polymerase,100,90,80,70
4K4X,G,unknown,unknown,RNA,polymerase,100,90,80,70
4K4X,J,unknown,unknown,RNA,polymerase,100,90,80,70
4K4X,K,unknown,unknown,RNA,polymerase,100,90,80,70
4K4X,L,unknown,unknown,RNA,polymerase,100,90,80,70
4K4X,N,unknown,unknown,RNA,polymerase,100,90,80,70
4K4X,H,unknown,unknown,RNA,polymerase,100,90,80,70
4K4X,O,unknown,unknown,RNA,polymerase,100,90,80,70
4K4X,P,unknown,unknown,RNA,polymerase,100,90,80,70
4K4Z,B,unknown,unknown,RNA,polymerase,100,90,80,70
4K4Z,C,unknown,unknown,RNA,polymerase,100,90,80,70
4K4Z,F,unknown,unknown,RNA,polymerase,100,90,80,70
4K4Z,G,unknown,unknown,RNA,polymerase,100,90,80,70
4K4Z,J,unknown,unknown,RNA,polymerase,100,90,80,70
4K4Z,K,unknown,unknown,RNA,polymerase,100,90,80,70
4K4Z,L,unknown,unknown,RNA,polymerase,100,90,80,70
4K4Z,N,unknown,unknown,RNA,polymerase,100,90,80,70
4K4Z,H,unknown,unknown,RNA,polymerase,100,90,80,70
4K4Z,O,unknown,unknown,RNA,polymerase,100,90,80,70
4K4Z,P,unknown,unknown,RNA,polymerase,100,90,80,70
3CR1,A,unknown,unknown,RNA,polymerase,100,90,80,70
3CR1,B,unknown,unknown,RNA,polymerase,100,90,80,70
3CR1,C,unknown,unknown,RNA,polymerase,100,90,80,70
5F8H,B,unknown,unknown,RNA,polymerase,100,90,80,70
5F8H,C,unknown,unknown,RNA,polymerase,100,90,80,70
6LSE,B,unknown,unknown,RNA,polymerase,100,90,80,70
6LSE,C,unknown,unknown,RNA,polymerase,100,90,80,70
6LSG,B,unknown,unknown,RNA,polymerase,100,90,80,70
6LSG,C,unknown,unknown,RNA,polymerase,100,90,80,70
6LSH,B,unknown,unknown,RNA,polymerase,100,90,80,70
6LSH,C,unknown,unknown,RNA,polymerase,100,90,80,70
4K4S,F,unknown,unknown,RNA,polymerase,100,90,80,70
4K4S,G,unknown,unknown,RNA,polymerase,100,90,80,70
4K4S,H,unknown,unknown,RNA,polymerase,100,90,80,70
5F8N,B,unknown,unknown,RNA,polymerase,100,90,80,70
5F8N,C,unknown,unknown,RNA,polymerase,100,90,80,70
6LSF,B,unknown,unknown,RNA,polymerase,100,90,80,70
6LSF,C,unknown,unknown,RNA,polymerase,100,90,80,70
6W7A,B,unknown,unknown,RNA,polymerase,100,90,80,70
5TF6,B,unknown,unknown,RNA,PRP24,100,90,80,70
5TF6,D,unknown,unknown,RNA,PRP24,100,90,80,70
3BSB,C,unknown,unknown,RNA,PUM1,100,90,80,70
3BSX,C,unknown,unknown,RNA,PUM1,100,90,80,70
3BSX,D,unknown,unknown,RNA,PUM1,100,90,80,70
5YKI,C,unknown,unknown,RNA,PUM1,100,90,80,70
3Q0L,C,unknown,unknown,RNA,PUM2,100,90,80,70
3Q0L,D,unknown,unknown,RNA,PUM2,100,90,80,70
3Q0M,C,unknown,unknown,RNA,PUM2,100,90,80,70
3Q0M,D,unknown,unknown,RNA,PUM2,100,90,80,70
3Q0N,C,unknown,unknown,RNA,PUM2,100,90,80,70
3Q0N,D,unknown,unknown,RNA,PUM2,100,90,80,70
3Q0O,C,unknown,unknown,RNA,PUM2,100,90,80,70
3Q0O,D,unknown,unknown,RNA,PUM2,100,90,80,70
3Q0P,C,unknown,unknown,RNA,PUM2,100,90,80,70
3Q0P,D,unknown,unknown,RNA,PUM2,100,90,80,70
3Q0Q,B,unknown,unknown,RNA,PUM2,100,90,80,70
3Q0R,B,unknown,unknown,RNA,PUM2,100,90,80,70
3Q0S,B,unknown,unknown,RNA,PUM2,100,90,80,70
1M8W,C,unknown,unknown,RNA,PUMILIO,100,90,80,70
1M8W,D,unknown,unknown,RNA,PUMILIO,100,90,80,70
1M8W,E,unknown,unknown,RNA,PUMILIO,100,90,80,70
1M8W,F,unknown,unknown,RNA,PUMILIO,100,90,80,70
1M8X,C,unknown,unknown,RNA,PUMILIO,100,90,80,70
1M8X,D,unknown,unknown,RNA,PUMILIO,100,90,80,70
1M8Y,C,unknown,unknown,RNA,PUMILIO,100,90,80,70
1M8Y,D,unknown,unknown,RNA,PUMILIO,100,90,80,70
2YJY,C,unknown,unknown,DNA,PUMILIO,100,90,80,70
2YJY,D,unknown,unknown,DNA,PUMILIO,100,90,80,70
1DRZ,B,unknown,unknown,RNA,ribozyme,100,90,80,70
4J5V,B,unknown,unknown,p19,RluA,100,90,80,70
2I82,E,unknown,unknown,RNA,RluA,100,90,80,70
2I82,F,unknown,unknown,RNA,RluA,100,90,80,70
2I82,G,unknown,unknown,RNA,RluA,100,90,80,70
2I82,H,unknown,unknown,RNA,RluA,100,90,80,70
2HVR,C,unknown,unknown,RNA,RNAligase,100,90,80,70
2HVR,D,unknown,unknown,RNA,RNAligase,100,90,80,70
2HVR,E,unknown,unknown,RNA,RNAligase,100,90,80,70
2HVR,F,unknown,unknown,RNA,RNAligase,100,90,80,70
2HVR,G,unknown,unknown,RNA,RNAligase,100,90,80,70
2HVR,H,unknown,unknown,RNA,RNAligase,100,90,80,70
2O5I,G,unknown,unknown,DNA,RNAP,100,90,80,70
2O5I,H,unknown,unknown,RNA,RNAP,100,90,80,70
2O5I,I,unknown,unknown,DNA,RNAP,100,90,80,70
2O5I,X,unknown,unknown,DNA,RNAP,100,90,80,70
2O5I,Y,unknown,unknown,RNA,RNAP,100,90,80,70
2O5I,Z,unknown,unknown,DNA,RNAP,100,90,80,70
2R93,R,unknown,unknown,RNA,RNAP,100,90,80,70
4G7O,Q,unknown,unknown,DNA,RNAP,100,90,80,70
4G7O,R,unknown,unknown,DNA,RNAP,100,90,80,70
4G7O,S,unknown,unknown,RNA,RNAP,100,90,80,70
6KQF,G,unknown,unknown,RNA,RNAP,100,90,80,70
6KQF,H,unknown,unknown,RNA,RNAP,100,90,80,70
6KQF,I,unknown,unknown,RNA,RNAP,100,90,80,70
1YZ9,C,unknown,unknown,RNA,RNase,100,90,80,70
1YZ9,D,unknown,unknown,RNA,RNase,100,90,80,70
1YZ9,E,unknown,unknown,RNA,RNase,100,90,80,70
1YZ9,F,unknown,unknown,RNA,RNase,100,90,80,70
2EZ6,C,unknown,unknown,RNA,RNase,100,90,80,70
2EZ6,D,unknown,unknown,RNA,RNase,100,90,80,70
1RC7,B,unknown,unknown,RNA,RNase,100,90,80,70
1RC7,C,unknown,unknown,RNA,RNase,100,90,80,70
1RC7,D,unknown,unknown,RNA,RNase,100,90,80,70
1RC7,E,unknown,unknown,RNA,RNase,100,90,80,70
4H8K,C,unknown,unknown,RNA,RNaseH,100,90,80,70
4H8K,D,unknown,unknown,DNA,RNaseH,100,90,80,70
2QKB,C,unknown,unknown,RNA,RNaseH,100,90,80,70
2QKB,D,unknown,unknown,DNA,RNaseH,100,90,80,70
7DOL,C,unknown,unknown,RNA,RNaseR,100,90,80,70
7DIC,C,unknown,unknown,RNA,RNaseR,100,90,80,70
1H9D,E,unknown,unknown,DNA,Runx1,100,90,80,70
1H9D,F,unknown,unknown,DNA,Runx1,100,90,80,70
1H9D,G,unknown,unknown,DNA,Runx1,100,90,80,70
1H9D,H,unknown,unknown,DNA,Runx1,100,90,80,70
1HJC,B,unknown,unknown,DNA,Runx1,100,90,80,70
1HJC,C,unknown,unknown,DNA,Runx1,100,90,80,70
1HJC,E,unknown,unknown,DNA,Runx1,100,90,80,70
1HJC,F,unknown,unknown,DNA,Runx1,100,90,80,70
7KSP,C,unknown,unknown,DNA,SAMD9,100,90,80,70
7KSP,D,unknown,unknown,DNA,SAMD9,100,90,80,70
1BC7,A,unknown,unknown,DNA,SAP1,100,90,80,70
1BC7,B,unknown,unknown,DNA,SAP1,100,90,80,70
2YPB,E,unknown,unknown,DNA,SCL,100,90,80,70
2YPB,F,unknown,unknown,DNA,SCL,100,90,80,70
1KU7,B,unknown,unknown,DNA,SigA,100,90,80,70
1KU7,C,unknown,unknown,DNA,SigA,100,90,80,70
1RIO,U,unknown,unknown,DNA,SigA,100,90,80,70
1RIO,T,unknown,unknown,DNA,SigA,100,90,80,70
6F4H,B,unknown,unknown,RNA,snf,100,90,80,70
6F4H,D,unknown,unknown,RNA,snf,100,90,80,70
6F4H,F,unknown,unknown,RNA,snf,100,90,80,70
7Q4P,2,unknown,unknown,RNA,snRNP,100,90,80,70
1M5V,A,unknown,unknown,RNA,SNRPA,100,90,80,70
1M5V,M,unknown,unknown,RNA,SNRPA,100,90,80,70
1M5V,B,unknown,unknown,RNA,SNRPA,100,90,80,70
1M5V,D,unknown,unknown,RNA,SNRPA,100,90,80,70
1M5V,P,unknown,unknown,RNA,SNRPA,100,90,80,70
1M5V,E,unknown,unknown,RNA,SNRPA,100,90,80,70
1M5O,A,unknown,unknown,RNA,SNRPA,100,90,80,70
1M5O,B,unknown,unknown,RNA,SNRPA,100,90,80,70
1M5O,D,unknown,unknown,RNA,SNRPA,100,90,80,70
1M5O,E,unknown,unknown,RNA,SNRPA,100,90,80,70
1M5K,A,unknown,unknown,RNA,SNRPA,100,90,80,70
1M5K,B,unknown,unknown,RNA,SNRPA,100,90,80,70
1M5K,D,unknown,unknown,RNA,SNRPA,100,90,80,70
1M5K,E,unknown,unknown,RNA,SNRPA,100,90,80,70
6SQN,X,unknown,unknown,RNA,SNRPA,100,90,80,70
6SQN,Y,unknown,unknown,RNA,SNRPA,100,90,80,70
6SQN,Z,unknown,unknown,RNA,SNRPA,100,90,80,70
4PR6,B,unknown,unknown,RNA,SNRPA,100,90,80,70
4YB1,R,unknown,unknown,RNA,SNRPA,100,90,80,70
5DDP,A,unknown,unknown,RNA,SNRPA,100,90,80,70
5DDP,B,unknown,unknown,RNA,SNRPA,100,90,80,70
5DDQ,A,unknown,unknown,RNA,SNRPA,100,90,80,70
5DDQ,B,unknown,unknown,RNA,SNRPA,100,90,80,70
2OIH,B,unknown,unknown,RNA,SNRPA,100,90,80,70
1SJ3,R,unknown,unknown,RNA,SNRPA,100,90,80,70
3EGZ,B,unknown,unknown,RNA,SNRPA,100,90,80,70
7QR3,C,unknown,unknown,RNA,SNRPA,100,90,80,70
7QR3,D,unknown,unknown,RNA,SNRPA,100,90,80,70
1A9N,Q,unknown,unknown,RNA,spliceosome,100,90,80,70
1A9N,R,unknown,unknown,RNA,spliceosome,100,90,80,70
6QHD,C,unknown,unknown,DNA,STAT3,100,90,80,70
6QHD,D,unknown,unknown,DNA,STAT3,100,90,80,70
6HTU,D,unknown,unknown,RNA,STAU1,100,90,80,70
6HTU,F,unknown,unknown,RNA,STAU1,100,90,80,70
6XH3,D,unknown,unknown,RNA,TBP,100,90,80,70
4A04,D,unknown,unknown,DNA,TBX1,100,90,80,70
4A04,E,unknown,unknown,DNA,TBX1,100,90,80,70
1H6F,C,unknown,unknown,DNA,TBX3,100,90,80,70
1H6F,D,unknown,unknown,DNA,TBX3,100,90,80,70
2X6V,C,unknown,unknown,DNA,TBX5,100,90,80,70
2X6V,D,unknown,unknown,DNA,TBX5,100,90,80,70
4NNU,C,unknown,unknown,DNA,TCF6,100,90,80,70
4NNU,E,unknown,unknown,DNA,TCF6,100,90,80,70
4NNU,D,unknown,unknown,DNA,TCF6,100,90,80,70
4NNU,F,unknown,unknown,DNA,TCF6,100,90,80,70
4NOD,C,unknown,unknown,DNA,TCF6,100,90,80,70
4NOD,E,unknown,unknown,DNA,TCF6,100,90,80,70
4NOD,D,unknown,unknown,DNA,TCF6,100,90,80,70
4NOD,F,unknown,unknown,DNA,TCF6,100,90,80,70
4NOD,I,unknown,unknown,DNA,TCF6,100,90,80,70
4NOD,K,unknown,unknown,DNA,TCF6,100,90,80,70
4NOD,J,unknown,unknown,DNA,TCF6,100,90,80,70
4NOD,L,unknown,unknown,DNA,TCF6,100,90,80,70
5GZB,B,unknown,unknown,DNA,TEAD4,100,90,80,70
5GZB,C,unknown,unknown,DNA,TEAD4,100,90,80,70
1C9B,C,unknown,unknown,DNA,TFB,100,90,80,70
1C9B,D,unknown,unknown,DNA,TFB,100,90,80,70
1C9B,G,unknown,unknown,DNA,TFB,100,90,80,70
1C9B,H,unknown,unknown,DNA,TFB,100,90,80,70
1C9B,K,unknown,unknown,DNA,TFB,100,90,80,70
1C9B,L,unknown,unknown,DNA,TFB,100,90,80,70
1C9B,O,unknown,unknown,DNA,TFB,100,90,80,70
1C9B,P,unknown,unknown,DNA,TFB,100,90,80,70
1C9B,S,unknown,unknown,DNA,TFB,100,90,80,70
1C9B,T,unknown,unknown,DNA,TFB,100,90,80,70
1VOL,C,unknown,unknown,DNA,TFB,100,90,80,70
1VOL,D,unknown,unknown,DNA,TFB,100,90,80,70
7RCU,C,unknown,unknown,DNA,TR,100,90,80,70
7RCU,D,unknown,unknown,DNA,TR,100,90,80,70
7RCU,G,unknown,unknown,DNA,TR,100,90,80,70
7RCU,H,unknown,unknown,DNA,TR,100,90,80,70
7RCU,K,unknown,unknown,DNA,TR,100,90,80,70
7RCU,L,unknown,unknown,DNA,TR,100,90,80,70
7RCU,O,unknown,unknown,DNA,TR,100,90,80,70
7RCU,P,unknown,unknown,DNA,TR,100,90,80,70
1H0M,E,unknown,unknown,DNA,TraR,100,90,80,70
1H0M,F,unknown,unknown,DNA,TraR,100,90,80,70
1H0M,G,unknown,unknown,DNA,TraR,100,90,80,70
1H0M,H,unknown,unknown,DNA,TraR,100,90,80,70
1L3L,E,unknown,unknown,DNA,TraR,100,90,80,70
1L3L,F,unknown,unknown,DNA,TraR,100,90,80,70
1L3L,G,unknown,unknown,DNA,TraR,100,90,80,70
1L3L,H,unknown,unknown,DNA,TraR,100,90,80,70
5NM9,C,unknown,unknown,DNA,TRIADDRA,100,90,80,70
5NM9,D,unknown,unknown,DNA,TRIADDRA,100,90,80,70
3LWR,D,unknown,unknown,RNA,usynthase,100,90,80,70
3LWR,E,unknown,unknown,RNA,usynthase,100,90,80,70
3LWV,D,unknown,unknown,RNA,usynthase,100,90,80,70
3LWV,E,unknown,unknown,RNA,usynthase,100,90,80,70
1R3E,C,unknown,unknown,RNA,usynthase,100,90,80,70
1R3E,D,unknown,unknown,RNA,usynthase,100,90,80,70
1R3E,E,unknown,unknown,RNA,usynthase,100,90,80,70
3HJW,D,unknown,unknown,RNA,usynthase,100,90,80,70
3HJW,E,unknown,unknown,RNA,usynthase,100,90,80,70
4GHL,E,unknown,unknown,RNA,VP35,100,90,80,70
4GHL,F,unknown,unknown,RNA,VP35,100,90,80,70
8CYF,C,unknown,unknown,DNA,WhiB3,100,90,80,70
8CYF,D,unknown,unknown,DNA,WhiB3,100,90,80,70
